user_id,partida_id,endowment_initial,control_wealth,endowment_current,contributed_public_goods,winnings_public_goods,goal_reached,R1,R2,R3,R4,R5,R6,R7,R8,R9,R10
10,1,40,EQUAL,4.0,36.0,4.0,1,4.0,4.0,4.0,4.0,4.0,4.0,0.0,4.0,4.0,4.0
11,1,40,EQUAL,16.0,24.0,16.0,1,2.0,4.0,4.0,4.0,0.0,4.0,2.0,0.0,0.0,4.0
12,1,40,EQUAL,22.0,18.0,22.0,1,4.0,2.0,2.0,4.0,2.0,0.0,0.0,4.0,0.0,0.0
13,1,40,EQUAL,18.0,22.0,18.0,1,4.0,2.0,2.0,2.0,0.0,2.0,4.0,4.0,0.0,2.0
14,1,40,EQUAL,18.0,22.0,18.0,1,2.0,2.0,4.0,4.0,0.0,2.0,2.0,2.0,4.0,0.0
15,1,40,EQUAL,16.0,24.0,16.0,1,4.0,4.0,0.0,4.0,4.0,0.0,4.0,0.0,4.0,0.0
20,2,40,EQUAL,24.0,16.0,24.0,1,4.0,2.0,4.0,4.0,0.0,0.0,2.0,0.0,0.0,0.0
21,2,40,EQUAL,14.0,26.0,14.0,1,2.0,2.0,2.0,4.0,0.0,4.0,0.0,4.0,4.0,4.0
22,2,40,EQUAL,16.0,24.0,16.0,1,4.0,0.0,0.0,4.0,4.0,2.0,0.0,4.0,2.0,4.0
23,2,40,EQUAL,14.0,26.0,14.0,1,4.0,2.0,2.0,2.0,2.0,2.0,4.0,4.0,0.0,4.0
24,2,40,EQUAL,20.0,20.0,20.0,1,4.0,2.0,2.0,4.0,0.0,2.0,4.0,2.0,0.0,0.0
25,2,40,EQUAL,16.0,24.0,16.0,1,2.0,2.0,4.0,0.0,2.0,4.0,4.0,0.0,2.0,4.0
30,3,40,EQUAL,20.0,20.0,20.0,1,4.0,2.0,4.0,4.0,2.0,4.0,0.0,0.0,0.0,0.0
31,3,40,EQUAL,18.0,22.0,18.0,1,4.0,2.0,2.0,0.0,2.0,4.0,4.0,0.0,4.0,0.0
32,3,40,EQUAL,24.0,16.0,24.0,1,2.0,0.0,4.0,2.0,2.0,0.0,4.0,2.0,0.0,0.0
33,3,40,EQUAL,14.0,26.0,14.0,1,2.0,4.0,0.0,2.0,2.0,4.0,4.0,2.0,2.0,4.0
34,3,40,EQUAL,20.0,20.0,20.0,1,0.0,2.0,4.0,4.0,2.0,0.0,0.0,4.0,0.0,4.0
35,3,40,EQUAL,8.0,32.0,8.0,1,2.0,4.0,2.0,4.0,0.0,4.0,4.0,4.0,4.0,4.0
40,4,40,EQUAL,20.0,20.0,20.0,1,4.0,2.0,0.0,0.0,0.0,4.0,0.0,4.0,2.0,4.0
41,4,40,EQUAL,18.0,22.0,18.0,1,4.0,0.0,4.0,2.0,0.0,4.0,0.0,4.0,0.0,4.0
42,4,40,EQUAL,24.0,16.0,24.0,1,2.0,4.0,0.0,4.0,0.0,0.0,4.0,0.0,0.0,2.0
43,4,40,EQUAL,12.0,28.0,12.0,1,2.0,2.0,0.0,4.0,4.0,4.0,2.0,4.0,2.0,4.0
44,4,40,EQUAL,18.0,22.0,18.0,1,4.0,4.0,4.0,2.0,0.0,4.0,0.0,0.0,4.0,0.0
45,4,40,EQUAL,18.0,22.0,18.0,1,4.0,2.0,4.0,0.0,2.0,4.0,2.0,2.0,2.0,0.0
50,5,40,EQUAL,20.0,20.0,20.0,1,4.0,4.0,2.0,0.0,4.0,0.0,0.0,0.0,2.0,4.0
51,5,40,EQUAL,22.0,18.0,22.0,1,4.0,2.0,2.0,4.0,0.0,0.0,2.0,0.0,0.0,4.0
52,5,40,EQUAL,18.0,22.0,18.0,1,2.0,2.0,2.0,0.0,2.0,0.0,4.0,2.0,4.0,4.0
53,5,40,EQUAL,14.0,26.0,14.0,1,2.0,2.0,4.0,4.0,0.0,4.0,4.0,2.0,0.0,4.0
54,5,40,EQUAL,14.0,26.0,14.0,1,4.0,4.0,4.0,2.0,0.0,4.0,0.0,0.0,4.0,4.0
55,5,40,EQUAL,26.0,14.0,26.0,1,4.0,4.0,0.0,0.0,0.0,2.0,0.0,2.0,0.0,2.0
60,6,40,EQUAL,14.0,26.0,14.0,1,4.0,2.0,2.0,2.0,4.0,4.0,0.0,4.0,4.0,0.0
61,6,40,EQUAL,16.0,24.0,16.0,1,2.0,4.0,2.0,4.0,4.0,0.0,4.0,2.0,0.0,2.0
62,6,40,EQUAL,10.0,30.0,10.0,1,2.0,2.0,2.0,4.0,4.0,4.0,0.0,4.0,4.0,4.0
63,6,40,EQUAL,14.0,26.0,14.0,1,2.0,2.0,2.0,2.0,2.0,4.0,4.0,4.0,0.0,4.0
64,6,40,EQUAL,18.0,22.0,18.0,1,4.0,2.0,2.0,2.0,4.0,0.0,0.0,4.0,2.0,2.0
65,6,40,EQUAL,12.0,28.0,12.0,1,2.0,2.0,4.0,4.0,2.0,4.0,4.0,0.0,2.0,4.0
70,7,24,UNEQUAL-L,4.0,20.0,4.0,1,4.0,4.0,2.0,2.0,2.0,2.0,2.0,2.0,0.0,0.0
71,7,24,UNEQUAL-L,6.0,18.0,6.0,1,2.0,2.0,2.0,4.0,4.0,0.0,0.0,0.0,4.0,0.0
72,7,48,UNEQUAL-L,24.0,24.0,24.0,1,2.0,2.0,2.0,4.0,4.0,4.0,2.0,4.0,0.0,0.0
73,7,48,UNEQUAL-L,20.0,28.0,20.0,1,2.0,4.0,2.0,4.0,4.0,4.0,2.0,4.0,0.0,2.0
74,7,48,UNEQUAL-L,30.0,18.0,30.0,1,4.0,4.0,4.0,4.0,2.0,0.0,0.0,0.0,0.0,0.0
75,7,48,UNEQUAL-L,22.0,26.0,22.0,1,2.0,2.0,2.0,2.0,4.0,2.0,4.0,4.0,2.0,2.0
80,8,24,UNEQUAL-L,0.0,24.0,0.0,1,4.0,2.0,4.0,4.0,2.0,0.0,4.0,4.0,0.0,0.0
81,8,24,UNEQUAL-L,4.0,20.0,4.0,1,0.0,4.0,4.0,2.0,4.0,4.0,2.0,0.0,0.0,0.0
82,8,48,UNEQUAL-L,30.0,18.0,30.0,1,0.0,0.0,0.0,4.0,4.0,4.0,4.0,2.0,0.0,0.0
83,8,48,UNEQUAL-L,26.0,22.0,26.0,1,2.0,4.0,2.0,2.0,4.0,0.0,4.0,4.0,0.0,0.0
84,8,48,UNEQUAL-L,30.0,18.0,30.0,1,4.0,4.0,0.0,4.0,0.0,0.0,4.0,2.0,0.0,0.0
85,8,48,UNEQUAL-L,26.0,22.0,26.0,1,4.0,4.0,4.0,2.0,4.0,0.0,0.0,4.0,0.0,0.0
90,9,24,UNEQUAL-L,0.0,24.0,0.0,1,4.0,0.0,4.0,2.0,4.0,2.0,0.0,4.0,4.0,0.0
91,9,24,UNEQUAL-L,10.0,14.0,10.0,1,2.0,2.0,2.0,2.0,2.0,0.0,0.0,0.0,4.0,0.0
92,9,48,UNEQUAL-L,28.0,20.0,28.0,1,2.0,4.0,4.0,2.0,4.0,0.0,0.0,0.0,4.0,0.0
93,9,48,UNEQUAL-L,24.0,24.0,24.0,1,2.0,2.0,2.0,4.0,4.0,4.0,4.0,2.0,0.0,0.0
94,9,48,UNEQUAL-L,28.0,20.0,28.0,1,4.0,4.0,4.0,4.0,2.0,0.0,0.0,0.0,2.0,0.0
95,9,48,UNEQUAL-L,18.0,30.0,18.0,1,2.0,4.0,4.0,4.0,4.0,2.0,4.0,2.0,4.0,0.0
100,10,24,UNEQUAL-L,12.0,12.0,12.0,1,2.0,4.0,2.0,2.0,0.0,0.0,2.0,0.0,0.0,0.0
101,10,24,UNEQUAL-L,8.0,16.0,8.0,1,2.0,0.0,2.0,2.0,4.0,2.0,4.0,0.0,0.0,0.0
102,10,48,UNEQUAL-L,24.0,24.0,24.0,1,4.0,4.0,2.0,4.0,4.0,2.0,2.0,2.0,0.0,0.0
103,10,48,UNEQUAL-L,26.0,22.0,26.0,1,4.0,2.0,2.0,4.0,4.0,2.0,4.0,0.0,0.0,0.0
104,10,48,UNEQUAL-L,24.0,24.0,24.0,1,2.0,0.0,4.0,4.0,4.0,4.0,4.0,2.0,0.0,0.0
105,10,48,UNEQUAL-L,22.0,26.0,22.0,1,4.0,4.0,0.0,0.0,4.0,2.0,4.0,4.0,4.0,0.0
110,11,24,UNEQUAL-L,0.0,24.0,0.0,1,4.0,4.0,2.0,4.0,2.0,0.0,0.0,4.0,2.0,2.0
111,11,24,UNEQUAL-L,2.0,22.0,2.0,1,4.0,4.0,2.0,4.0,4.0,2.0,0.0,2.0,0.0,0.0
112,11,48,UNEQUAL-L,24.0,24.0,24.0,1,4.0,4.0,4.0,2.0,2.0,4.0,0.0,4.0,0.0,0.0
113,11,48,UNEQUAL-L,24.0,24.0,24.0,1,2.0,4.0,4.0,2.0,4.0,4.0,2.0,0.0,0.0,2.0
114,11,48,UNEQUAL-L,30.0,18.0,30.0,1,4.0,0.0,4.0,0.0,2.0,4.0,4.0,0.0,0.0,0.0
115,11,48,UNEQUAL-L,22.0,26.0,22.0,1,4.0,4.0,2.0,4.0,4.0,0.0,4.0,2.0,0.0,2.0
120,12,24,UNEQUAL-L,10.0,14.0,10.0,1,2.0,0.0,2.0,2.0,0.0,4.0,2.0,0.0,2.0,0.0
121,12,24,UNEQUAL-L,6.0,18.0,6.0,1,4.0,2.0,0.0,4.0,0.0,2.0,4.0,0.0,2.0,0.0
122,12,48,UNEQUAL-L,24.0,24.0,24.0,1,2.0,4.0,4.0,2.0,2.0,2.0,2.0,0.0,4.0,2.0
123,12,48,UNEQUAL-L,22.0,26.0,22.0,1,2.0,4.0,4.0,2.0,4.0,2.0,4.0,0.0,2.0,2.0
124,12,48,UNEQUAL-L,18.0,30.0,18.0,1,4.0,4.0,4.0,2.0,2.0,4.0,4.0,4.0,2.0,0.0
125,12,48,UNEQUAL-L,28.0,20.0,28.0,1,2.0,2.0,4.0,0.0,2.0,2.0,4.0,0.0,4.0,0.0
130,13,24,UNEQUAL-L,4.0,20.0,0.0,0,2.0,4.0,2.0,4.0,0.0,2.0,2.0,2.0,0.0,2.0
131,13,24,UNEQUAL-L,4.0,20.0,0.0,0,4.0,0.0,2.0,0.0,4.0,4.0,2.0,2.0,0.0,2.0
132,13,48,UNEQUAL-L,32.0,16.0,0.0,0,4.0,0.0,0.0,2.0,0.0,4.0,2.0,0.0,0.0,4.0
133,13,48,UNEQUAL-L,34.0,14.0,0.0,0,2.0,2.0,0.0,2.0,4.0,2.0,2.0,0.0,0.0,0.0
134,13,48,UNEQUAL-L,24.0,24.0,0.0,0,2.0,0.0,2.0,2.0,4.0,2.0,4.0,0.0,4.0,4.0
135,13,48,UNEQUAL-L,30.0,18.0,0.0,0,2.0,4.0,0.0,0.0,2.0,2.0,0.0,4.0,2.0,2.0
140,14,24,UNEQUAL-L,12.0,12.0,12.0,1,2.0,2.0,2.0,2.0,2.0,0.0,2.0,0.0,0.0,0.0
141,14,24,UNEQUAL-L,6.0,18.0,6.0,1,4.0,4.0,2.0,0.0,4.0,2.0,0.0,0.0,2.0,0.0
142,14,48,UNEQUAL-L,24.0,24.0,24.0,1,4.0,2.0,2.0,2.0,4.0,4.0,4.0,2.0,0.0,0.0
143,14,48,UNEQUAL-L,24.0,24.0,24.0,1,2.0,4.0,2.0,4.0,2.0,0.0,4.0,0.0,4.0,2.0
144,14,48,UNEQUAL-L,32.0,16.0,32.0,1,4.0,2.0,0.0,4.0,2.0,0.0,2.0,2.0,0.0,0.0
145,14,48,UNEQUAL-L,18.0,30.0,18.0,1,2.0,4.0,0.0,4.0,4.0,4.0,4.0,4.0,2.0,2.0
150,15,24,UNEQUAL-L,0.0,24.0,0.0,1,4.0,2.0,4.0,2.0,4.0,4.0,0.0,2.0,0.0,2.0
151,15,24,UNEQUAL-L,12.0,12.0,12.0,1,2.0,0.0,0.0,4.0,4.0,0.0,2.0,0.0,0.0,0.0
152,15,48,UNEQUAL-L,26.0,22.0,26.0,1,2.0,4.0,2.0,4.0,4.0,0.0,4.0,2.0,0.0,0.0
153,15,48,UNEQUAL-L,26.0,22.0,26.0,1,0.0,2.0,4.0,2.0,2.0,4.0,2.0,4.0,0.0,2.0
154,15,48,UNEQUAL-L,22.0,26.0,22.0,1,4.0,4.0,4.0,4.0,4.0,0.0,0.0,2.0,2.0,2.0
155,15,48,UNEQUAL-L,26.0,22.0,26.0,1,2.0,2.0,2.0,4.0,4.0,4.0,2.0,0.0,2.0,0.0
160,16,24,UNEQUAL-L,4.0,20.0,4.0,1,2.0,2.0,2.0,4.0,4.0,4.0,2.0,0.0,0.0,0.0
161,16,24,UNEQUAL-L,6.0,18.0,6.0,1,2.0,4.0,4.0,0.0,2.0,2.0,2.0,0.0,2.0,0.0
162,16,48,UNEQUAL-L,18.0,30.0,18.0,1,2.0,4.0,4.0,2.0,4.0,4.0,2.0,4.0,4.0,0.0
163,16,48,UNEQUAL-L,20.0,28.0,20.0,1,2.0,4.0,4.0,2.0,2.0,2.0,4.0,0.0,4.0,4.0
164,16,48,UNEQUAL-L,28.0,20.0,28.0,1,2.0,0.0,4.0,4.0,2.0,2.0,0.0,2.0,2.0,2.0
165,16,48,UNEQUAL-L,26.0,22.0,26.0,1,2.0,2.0,4.0,0.0,2.0,2.0,4.0,2.0,2.0,2.0
170,17,24,UNEQUAL-L,16.0,8.0,16.0,1,2.0,0.0,0.0,2.0,4.0,0.0,0.0,0.0,0.0,0.0
171,17,24,UNEQUAL-L,0.0,24.0,0.0,1,2.0,4.0,2.0,2.0,4.0,2.0,4.0,0.0,4.0,0.0
172,17,48,UNEQUAL-L,30.0,18.0,30.0,1,2.0,4.0,0.0,2.0,2.0,4.0,2.0,2.0,0.0,0.0
173,17,48,UNEQUAL-L,20.0,28.0,20.0,1,2.0,4.0,0.0,4.0,2.0,4.0,4.0,0.0,4.0,4.0
174,17,48,UNEQUAL-L,28.0,20.0,28.0,1,2.0,2.0,4.0,2.0,4.0,4.0,0.0,0.0,2.0,0.0
175,17,48,UNEQUAL-L,22.0,26.0,22.0,1,2.0,4.0,2.0,4.0,2.0,4.0,4.0,2.0,2.0,0.0
180,18,24,UNEQUAL-L,6.0,18.0,6.0,1,4.0,4.0,4.0,2.0,0.0,0.0,0.0,2.0,0.0,2.0
181,18,24,UNEQUAL-L,4.0,20.0,4.0,1,4.0,2.0,2.0,2.0,2.0,2.0,0.0,2.0,4.0,0.0
182,18,48,UNEQUAL-L,22.0,26.0,22.0,1,2.0,4.0,4.0,2.0,4.0,4.0,0.0,4.0,2.0,0.0
183,18,48,UNEQUAL-L,22.0,26.0,22.0,1,2.0,2.0,4.0,2.0,4.0,2.0,2.0,2.0,2.0,4.0
184,18,48,UNEQUAL-L,24.0,24.0,24.0,1,4.0,4.0,4.0,2.0,0.0,4.0,4.0,0.0,0.0,2.0
185,18,48,UNEQUAL-L,30.0,18.0,30.0,1,4.0,2.0,4.0,2.0,2.0,0.0,0.0,2.0,2.0,0.0
190,19,24,UNEQUAL-L,8.0,16.0,8.0,1,2.0,4.0,2.0,2.0,0.0,0.0,2.0,0.0,0.0,4.0
191,19,24,UNEQUAL-L,2.0,22.0,2.0,1,2.0,4.0,2.0,2.0,2.0,2.0,4.0,4.0,0.0,0.0
192,19,48,UNEQUAL-L,20.0,28.0,20.0,1,4.0,4.0,2.0,2.0,4.0,4.0,4.0,2.0,2.0,0.0
193,19,48,UNEQUAL-L,26.0,22.0,26.0,1,2.0,4.0,4.0,4.0,4.0,0.0,0.0,0.0,2.0,2.0
194,19,48,UNEQUAL-L,24.0,24.0,24.0,1,2.0,4.0,2.0,4.0,2.0,0.0,0.0,4.0,2.0,4.0
195,19,48,UNEQUAL-L,22.0,26.0,22.0,1,4.0,4.0,2.0,2.0,4.0,2.0,4.0,0.0,4.0,0.0
200,20,24,UNEQUAL-L,10.0,14.0,10.0,1,2.0,4.0,2.0,2.0,0.0,4.0,0.0,0.0,0.0,0.0
201,20,24,UNEQUAL-L,6.0,18.0,6.0,1,2.0,4.0,4.0,0.0,2.0,2.0,2.0,0.0,2.0,0.0
202,20,48,UNEQUAL-L,22.0,26.0,22.0,1,2.0,2.0,2.0,0.0,4.0,4.0,2.0,4.0,2.0,4.0
203,20,48,UNEQUAL-L,24.0,24.0,24.0,1,4.0,2.0,4.0,0.0,2.0,0.0,4.0,0.0,4.0,4.0
204,20,48,UNEQUAL-L,30.0,18.0,30.0,1,2.0,4.0,0.0,2.0,2.0,2.0,2.0,0.0,0.0,4.0
205,20,48,UNEQUAL-L,22.0,26.0,22.0,1,4.0,4.0,2.0,4.0,4.0,4.0,2.0,0.0,2.0,0.0
210,21,24,UNEQUAL-L,12.0,12.0,12.0,1,2.0,4.0,2.0,2.0,0.0,2.0,0.0,0.0,0.0,0.0
211,21,24,UNEQUAL-L,8.0,16.0,8.0,1,4.0,4.0,2.0,2.0,0.0,2.0,2.0,0.0,0.0,0.0
212,21,48,UNEQUAL-L,24.0,24.0,24.0,1,2.0,0.0,4.0,2.0,4.0,4.0,2.0,4.0,2.0,0.0
213,21,48,UNEQUAL-L,30.0,18.0,30.0,1,4.0,0.0,4.0,4.0,4.0,0.0,0.0,0.0,0.0,2.0
214,21,48,UNEQUAL-L,22.0,26.0,22.0,1,2.0,4.0,4.0,4.0,2.0,2.0,2.0,2.0,4.0,0.0
215,21,48,UNEQUAL-L,22.0,26.0,22.0,1,2.0,4.0,2.0,0.0,4.0,4.0,2.0,0.0,4.0,4.0
220,22,24,UNEQUAL-L,6.0,18.0,6.0,1,4.0,2.0,2.0,0.0,2.0,2.0,2.0,2.0,2.0,0.0
221,22,24,UNEQUAL-L,2.0,22.0,2.0,1,4.0,4.0,2.0,2.0,2.0,2.0,0.0,0.0,4.0,2.0
222,22,48,UNEQUAL-L,28.0,20.0,28.0,1,2.0,4.0,4.0,2.0,2.0,2.0,2.0,0.0,2.0,0.0
223,22,48,UNEQUAL-L,22.0,26.0,22.0,1,4.0,4.0,2.0,2.0,4.0,4.0,2.0,2.0,2.0,0.0
224,22,48,UNEQUAL-L,28.0,20.0,28.0,1,2.0,2.0,2.0,4.0,4.0,2.0,0.0,4.0,0.0,0.0
225,22,48,UNEQUAL-L,22.0,26.0,22.0,1,2.0,4.0,4.0,4.0,4.0,4.0,0.0,0.0,4.0,0.0
230,23,24,UNEQUAL-L,12.0,12.0,12.0,1,2.0,0.0,2.0,4.0,0.0,2.0,0.0,2.0,0.0,0.0
231,23,24,UNEQUAL-L,6.0,18.0,6.0,1,0.0,4.0,0.0,4.0,4.0,2.0,0.0,0.0,0.0,4.0
232,23,48,UNEQUAL-L,24.0,24.0,24.0,1,4.0,2.0,4.0,2.0,2.0,2.0,4.0,2.0,0.0,2.0
233,23,48,UNEQUAL-L,22.0,26.0,22.0,1,4.0,4.0,4.0,4.0,4.0,0.0,0.0,2.0,0.0,4.0
234,23,48,UNEQUAL-L,20.0,28.0,20.0,1,2.0,2.0,4.0,4.0,4.0,4.0,2.0,2.0,0.0,4.0
235,23,48,UNEQUAL-L,24.0,24.0,24.0,1,2.0,4.0,4.0,2.0,4.0,4.0,2.0,0.0,2.0,0.0
240,24,24,UNEQUAL-L,0.0,24.0,0.0,1,4.0,2.0,4.0,4.0,2.0,4.0,4.0,0.0,0.0,0.0
241,24,24,UNEQUAL-L,8.0,16.0,8.0,1,4.0,4.0,0.0,0.0,0.0,0.0,4.0,4.0,0.0,0.0
242,24,48,UNEQUAL-L,20.0,28.0,20.0,1,4.0,4.0,4.0,4.0,4.0,4.0,0.0,4.0,0.0,0.0
243,24,48,UNEQUAL-L,20.0,28.0,20.0,1,2.0,0.0,4.0,4.0,2.0,4.0,4.0,4.0,0.0,4.0
244,24,48,UNEQUAL-L,28.0,20.0,28.0,1,2.0,4.0,0.0,4.0,2.0,4.0,2.0,2.0,0.0,0.0
245,24,48,UNEQUAL-L,32.0,16.0,32.0,1,2.0,2.0,0.0,2.0,2.0,4.0,2.0,2.0,0.0,0.0
250,25,24,UNEQUAL-L,10.0,14.0,10.0,1,2.0,4.0,2.0,2.0,2.0,2.0,0.0,0.0,0.0,0.0
251,25,24,UNEQUAL-L,0.0,24.0,0.0,1,2.0,2.0,4.0,4.0,4.0,2.0,4.0,0.0,0.0,2.0
252,25,48,UNEQUAL-L,24.0,24.0,24.0,1,4.0,0.0,4.0,4.0,2.0,4.0,0.0,4.0,0.0,2.0
253,25,48,UNEQUAL-L,28.0,20.0,28.0,1,2.0,2.0,4.0,2.0,4.0,2.0,0.0,2.0,2.0,0.0
254,25,48,UNEQUAL-L,30.0,18.0,30.0,1,2.0,0.0,2.0,0.0,4.0,2.0,2.0,2.0,0.0,4.0
255,25,48,UNEQUAL-L,20.0,28.0,20.0,1,4.0,2.0,4.0,2.0,2.0,4.0,2.0,2.0,4.0,2.0
260,26,24,UNEQUAL-L,6.0,18.0,6.0,1,4.0,2.0,2.0,0.0,4.0,2.0,0.0,2.0,0.0,2.0
261,26,24,UNEQUAL-L,8.0,16.0,8.0,1,2.0,2.0,4.0,2.0,0.0,2.0,0.0,4.0,0.0,0.0
262,26,48,UNEQUAL-L,28.0,20.0,28.0,1,4.0,4.0,2.0,4.0,2.0,0.0,0.0,4.0,0.0,0.0
263,26,48,UNEQUAL-L,24.0,24.0,24.0,1,4.0,2.0,2.0,4.0,2.0,2.0,2.0,4.0,2.0,0.0
264,26,48,UNEQUAL-L,20.0,28.0,20.0,1,4.0,2.0,4.0,2.0,4.0,2.0,4.0,2.0,2.0,2.0
265,26,48,UNEQUAL-L,32.0,16.0,32.0,1,2.0,4.0,0.0,2.0,4.0,0.0,0.0,4.0,0.0,0.0
270,27,24,UNEQUAL-L,8.0,16.0,8.0,1,2.0,4.0,2.0,2.0,4.0,0.0,0.0,2.0,0.0,0.0
271,27,24,UNEQUAL-L,10.0,14.0,10.0,1,2.0,4.0,0.0,2.0,4.0,2.0,0.0,0.0,0.0,0.0
272,27,48,UNEQUAL-L,26.0,22.0,26.0,1,4.0,4.0,0.0,4.0,4.0,4.0,0.0,0.0,2.0,0.0
273,27,48,UNEQUAL-L,20.0,28.0,20.0,1,4.0,4.0,4.0,2.0,4.0,2.0,4.0,4.0,0.0,0.0
274,27,48,UNEQUAL-L,28.0,20.0,28.0,1,2.0,4.0,4.0,2.0,2.0,2.0,2.0,0.0,0.0,2.0
275,27,48,UNEQUAL-L,16.0,32.0,16.0,1,4.0,4.0,2.0,4.0,2.0,2.0,4.0,4.0,4.0,2.0
280,28,24,UNEQUAL-L,4.0,20.0,4.0,1,2.0,0.0,4.0,4.0,4.0,0.0,4.0,0.0,2.0,0.0
281,28,24,UNEQUAL-L,14.0,10.0,14.0,1,4.0,0.0,2.0,2.0,0.0,0.0,0.0,0.0,2.0,0.0
282,28,48,UNEQUAL-L,20.0,28.0,20.0,1,2.0,4.0,2.0,4.0,4.0,2.0,2.0,4.0,0.0,4.0
283,28,48,UNEQUAL-L,24.0,24.0,24.0,1,0.0,4.0,2.0,4.0,4.0,2.0,2.0,2.0,4.0,0.0
284,28,48,UNEQUAL-L,32.0,16.0,32.0,1,2.0,0.0,2.0,2.0,0.0,4.0,0.0,0.0,4.0,2.0
285,28,48,UNEQUAL-L,18.0,30.0,18.0,1,4.0,2.0,4.0,2.0,2.0,4.0,4.0,0.0,4.0,4.0
290,29,24,UNEQUAL-L,6.0,18.0,6.0,1,2.0,2.0,2.0,4.0,4.0,2.0,0.0,0.0,0.0,2.0
291,29,24,UNEQUAL-L,8.0,16.0,8.0,1,4.0,4.0,2.0,0.0,4.0,0.0,2.0,0.0,0.0,0.0
292,29,48,UNEQUAL-L,22.0,26.0,22.0,1,4.0,4.0,4.0,4.0,4.0,4.0,2.0,0.0,0.0,0.0
293,29,48,UNEQUAL-L,20.0,28.0,20.0,1,4.0,4.0,4.0,4.0,4.0,0.0,4.0,0.0,0.0,4.0
294,29,48,UNEQUAL-L,26.0,22.0,26.0,1,2.0,2.0,2.0,4.0,4.0,2.0,4.0,2.0,0.0,0.0
295,29,48,UNEQUAL-L,28.0,20.0,28.0,1,4.0,2.0,4.0,2.0,2.0,4.0,0.0,0.0,0.0,2.0
300,30,24,UNEQUAL-L,8.0,16.0,8.0,1,2.0,4.0,2.0,0.0,4.0,0.0,4.0,0.0,0.0,0.0
301,30,24,UNEQUAL-L,0.0,24.0,0.0,1,4.0,2.0,4.0,4.0,4.0,0.0,2.0,2.0,0.0,2.0
302,30,48,UNEQUAL-L,24.0,24.0,24.0,1,4.0,2.0,4.0,4.0,4.0,0.0,4.0,2.0,0.0,0.0
303,30,48,UNEQUAL-L,24.0,24.0,24.0,1,4.0,0.0,4.0,2.0,2.0,4.0,4.0,2.0,0.0,2.0
304,30,48,UNEQUAL-L,26.0,22.0,26.0,1,2.0,4.0,2.0,4.0,2.0,0.0,4.0,2.0,2.0,0.0
305,30,48,UNEQUAL-L,30.0,18.0,30.0,1,2.0,4.0,4.0,2.0,2.0,0.0,4.0,0.0,0.0,0.0
310,31,24,UNEQUAL-L,4.0,20.0,4.0,1,4.0,2.0,4.0,2.0,2.0,2.0,2.0,0.0,2.0,0.0
311,31,24,UNEQUAL-L,8.0,16.0,8.0,1,4.0,2.0,0.0,4.0,2.0,2.0,2.0,0.0,0.0,0.0
312,31,48,UNEQUAL-L,22.0,26.0,22.0,1,2.0,4.0,2.0,2.0,4.0,0.0,4.0,2.0,4.0,2.0
313,31,48,UNEQUAL-L,26.0,22.0,26.0,1,2.0,2.0,2.0,4.0,4.0,2.0,2.0,4.0,0.0,0.0
314,31,48,UNEQUAL-L,26.0,22.0,26.0,1,2.0,4.0,0.0,4.0,2.0,2.0,0.0,4.0,2.0,2.0
315,31,48,UNEQUAL-L,26.0,22.0,26.0,1,2.0,4.0,2.0,4.0,4.0,4.0,2.0,0.0,0.0,0.0
320,32,24,UNEQUAL-L,8.0,16.0,8.0,1,4.0,2.0,4.0,2.0,2.0,2.0,0.0,0.0,0.0,0.0
321,32,24,UNEQUAL-L,0.0,24.0,0.0,1,4.0,2.0,4.0,4.0,2.0,2.0,0.0,2.0,4.0,0.0
322,32,48,UNEQUAL-L,24.0,24.0,24.0,1,4.0,4.0,2.0,4.0,2.0,2.0,4.0,0.0,0.0,2.0
323,32,48,UNEQUAL-L,26.0,22.0,26.0,1,2.0,4.0,4.0,4.0,2.0,0.0,2.0,0.0,2.0,2.0
324,32,48,UNEQUAL-L,28.0,20.0,28.0,1,2.0,4.0,4.0,4.0,4.0,0.0,0.0,0.0,2.0,0.0
325,32,48,UNEQUAL-L,28.0,20.0,28.0,1,2.0,4.0,2.0,2.0,2.0,4.0,0.0,2.0,2.0,0.0
330,33,24,UNEQUAL-L,4.0,20.0,4.0,1,4.0,2.0,2.0,2.0,2.0,2.0,0.0,4.0,2.0,0.0
331,33,24,UNEQUAL-L,4.0,20.0,4.0,1,2.0,4.0,0.0,2.0,2.0,0.0,4.0,4.0,0.0,2.0
332,33,48,UNEQUAL-L,22.0,26.0,22.0,1,2.0,4.0,2.0,4.0,2.0,4.0,4.0,2.0,2.0,0.0
333,33,48,UNEQUAL-L,32.0,16.0,32.0,1,2.0,2.0,4.0,4.0,0.0,4.0,0.0,0.0,0.0,0.0
334,33,48,UNEQUAL-L,22.0,26.0,22.0,1,4.0,4.0,0.0,4.0,2.0,0.0,4.0,4.0,4.0,0.0
335,33,48,UNEQUAL-L,24.0,24.0,24.0,1,4.0,2.0,2.0,0.0,2.0,4.0,4.0,2.0,0.0,4.0
340,34,30,UNEQUAL-H,6.0,24.0,6.0,1,4.0,4.0,4.0,0.0,2.0,4.0,0.0,2.0,2.0,2.0
341,34,30,UNEQUAL-H,10.0,20.0,10.0,1,2.0,2.0,4.0,4.0,2.0,2.0,2.0,2.0,0.0,0.0
342,34,30,UNEQUAL-H,16.0,14.0,16.0,1,2.0,4.0,2.0,2.0,4.0,0.0,0.0,0.0,0.0,0.0
343,34,30,UNEQUAL-H,16.0,14.0,16.0,1,2.0,2.0,4.0,0.0,2.0,4.0,0.0,0.0,0.0,0.0
344,34,60,UNEQUAL-H,30.0,30.0,30.0,1,4.0,4.0,4.0,4.0,4.0,4.0,0.0,4.0,2.0,0.0
345,34,60,UNEQUAL-H,38.0,22.0,38.0,1,4.0,2.0,0.0,4.0,4.0,2.0,2.0,2.0,2.0,0.0
350,35,30,UNEQUAL-H,4.0,26.0,4.0,1,2.0,4.0,4.0,4.0,4.0,2.0,2.0,2.0,2.0,0.0
351,35,30,UNEQUAL-H,18.0,12.0,18.0,1,2.0,4.0,0.0,0.0,2.0,0.0,2.0,2.0,0.0,0.0
352,35,30,UNEQUAL-H,8.0,22.0,8.0,1,2.0,2.0,2.0,2.0,0.0,2.0,4.0,4.0,2.0,2.0
353,35,30,UNEQUAL-H,8.0,22.0,8.0,1,4.0,4.0,4.0,4.0,0.0,4.0,2.0,0.0,0.0,0.0
354,35,60,UNEQUAL-H,36.0,24.0,36.0,1,4.0,4.0,0.0,2.0,4.0,4.0,2.0,0.0,4.0,0.0
355,35,60,UNEQUAL-H,36.0,24.0,36.0,1,0.0,4.0,2.0,4.0,2.0,4.0,4.0,0.0,0.0,4.0
360,36,30,UNEQUAL-H,10.0,20.0,10.0,1,2.0,2.0,4.0,2.0,2.0,2.0,0.0,2.0,4.0,0.0
361,36,30,UNEQUAL-H,12.0,18.0,12.0,1,2.0,2.0,4.0,2.0,0.0,0.0,0.0,2.0,2.0,4.0
362,36,30,UNEQUAL-H,10.0,20.0,10.0,1,4.0,4.0,4.0,0.0,0.0,2.0,0.0,2.0,2.0,2.0
363,36,30,UNEQUAL-H,4.0,26.0,4.0,1,2.0,2.0,4.0,2.0,2.0,2.0,4.0,4.0,4.0,0.0
364,36,60,UNEQUAL-H,38.0,22.0,38.0,1,0.0,4.0,2.0,0.0,2.0,2.0,4.0,4.0,2.0,2.0
365,36,60,UNEQUAL-H,34.0,26.0,34.0,1,4.0,4.0,0.0,4.0,0.0,2.0,4.0,4.0,4.0,0.0
370,37,30,UNEQUAL-H,8.0,22.0,8.0,1,4.0,2.0,4.0,2.0,2.0,4.0,0.0,2.0,0.0,2.0
371,37,30,UNEQUAL-H,6.0,24.0,6.0,1,4.0,0.0,2.0,2.0,4.0,0.0,4.0,4.0,4.0,0.0
372,37,30,UNEQUAL-H,12.0,18.0,12.0,1,2.0,2.0,4.0,2.0,2.0,2.0,0.0,0.0,4.0,0.0
373,37,30,UNEQUAL-H,14.0,16.0,14.0,1,4.0,2.0,2.0,0.0,4.0,0.0,2.0,2.0,0.0,0.0
374,37,60,UNEQUAL-H,32.0,28.0,32.0,1,2.0,4.0,2.0,2.0,4.0,4.0,4.0,0.0,2.0,4.0
375,37,60,UNEQUAL-H,30.0,30.0,30.0,1,2.0,4.0,4.0,4.0,4.0,4.0,0.0,4.0,4.0,0.0
380,38,30,UNEQUAL-H,4.0,26.0,4.0,1,4.0,4.0,4.0,2.0,0.0,2.0,2.0,4.0,2.0,2.0
381,38,30,UNEQUAL-H,8.0,22.0,8.0,1,2.0,2.0,2.0,4.0,2.0,2.0,2.0,2.0,4.0,0.0
382,38,30,UNEQUAL-H,6.0,24.0,6.0,1,4.0,2.0,4.0,0.0,2.0,2.0,2.0,4.0,2.0,2.0
383,38,30,UNEQUAL-H,10.0,20.0,10.0,1,2.0,2.0,0.0,4.0,2.0,0.0,4.0,4.0,0.0,2.0
384,38,60,UNEQUAL-H,40.0,20.0,40.0,1,2.0,4.0,0.0,4.0,2.0,2.0,2.0,0.0,2.0,2.0
385,38,60,UNEQUAL-H,34.0,26.0,34.0,1,4.0,2.0,4.0,4.0,0.0,4.0,4.0,2.0,0.0,2.0
390,39,30,UNEQUAL-H,8.0,22.0,8.0,1,4.0,4.0,2.0,4.0,4.0,2.0,2.0,0.0,0.0,0.0
391,39,30,UNEQUAL-H,12.0,18.0,12.0,1,4.0,4.0,0.0,4.0,0.0,2.0,4.0,0.0,0.0,0.0
392,39,30,UNEQUAL-H,10.0,20.0,10.0,1,4.0,2.0,4.0,2.0,0.0,2.0,4.0,0.0,2.0,0.0
393,39,30,UNEQUAL-H,14.0,16.0,14.0,1,0.0,2.0,4.0,2.0,4.0,2.0,0.0,2.0,0.0,0.0
394,39,60,UNEQUAL-H,38.0,22.0,38.0,1,4.0,2.0,2.0,2.0,4.0,4.0,2.0,2.0,0.0,0.0
395,39,60,UNEQUAL-H,36.0,24.0,36.0,1,2.0,4.0,2.0,0.0,4.0,2.0,2.0,4.0,4.0,0.0
400,40,30,UNEQUAL-H,4.0,26.0,4.0,1,4.0,4.0,4.0,0.0,2.0,2.0,2.0,0.0,4.0,4.0
401,40,30,UNEQUAL-H,16.0,14.0,16.0,1,2.0,0.0,0.0,4.0,2.0,4.0,2.0,0.0,0.0,0.0
402,40,30,UNEQUAL-H,6.0,24.0,6.0,1,2.0,2.0,4.0,2.0,4.0,2.0,2.0,4.0,0.0,2.0
403,40,30,UNEQUAL-H,12.0,18.0,12.0,1,4.0,0.0,4.0,4.0,0.0,2.0,2.0,2.0,0.0,0.0
404,40,60,UNEQUAL-H,36.0,24.0,36.0,1,4.0,4.0,0.0,4.0,4.0,2.0,2.0,0.0,0.0,4.0
405,40,60,UNEQUAL-H,36.0,24.0,36.0,1,2.0,2.0,0.0,4.0,0.0,2.0,2.0,4.0,4.0,4.0
410,41,30,UNEQUAL-H,4.0,26.0,4.0,1,2.0,2.0,4.0,4.0,2.0,4.0,2.0,2.0,4.0,0.0
411,41,30,UNEQUAL-H,12.0,18.0,12.0,1,0.0,4.0,2.0,4.0,2.0,0.0,2.0,4.0,0.0,0.0
412,41,30,UNEQUAL-H,8.0,22.0,8.0,1,2.0,4.0,4.0,2.0,0.0,4.0,4.0,2.0,0.0,0.0
413,41,30,UNEQUAL-H,6.0,24.0,6.0,1,4.0,4.0,2.0,2.0,4.0,4.0,2.0,2.0,0.0,0.0
414,41,60,UNEQUAL-H,38.0,22.0,38.0,1,2.0,4.0,2.0,4.0,2.0,0.0,4.0,2.0,0.0,2.0
415,41,60,UNEQUAL-H,34.0,26.0,34.0,1,2.0,4.0,4.0,2.0,2.0,4.0,2.0,4.0,0.0,2.0
420,42,30,UNEQUAL-H,14.0,16.0,14.0,1,2.0,2.0,2.0,2.0,0.0,0.0,0.0,4.0,0.0,4.0
421,42,30,UNEQUAL-H,2.0,28.0,2.0,1,4.0,4.0,4.0,4.0,0.0,2.0,2.0,2.0,2.0,4.0
422,42,30,UNEQUAL-H,0.0,30.0,0.0,1,2.0,4.0,4.0,4.0,2.0,4.0,4.0,2.0,4.0,0.0
423,42,30,UNEQUAL-H,8.0,22.0,8.0,1,2.0,4.0,4.0,2.0,4.0,2.0,2.0,0.0,2.0,0.0
424,42,60,UNEQUAL-H,34.0,26.0,34.0,1,4.0,2.0,4.0,2.0,4.0,4.0,0.0,4.0,0.0,2.0
425,42,60,UNEQUAL-H,40.0,20.0,40.0,1,2.0,4.0,2.0,0.0,2.0,4.0,4.0,2.0,0.0,0.0
430,43,30,UNEQUAL-H,10.0,20.0,10.0,1,2.0,2.0,4.0,4.0,2.0,2.0,0.0,4.0,0.0,0.0
431,43,30,UNEQUAL-H,10.0,20.0,10.0,1,2.0,4.0,4.0,4.0,4.0,2.0,0.0,0.0,0.0,0.0
432,43,30,UNEQUAL-H,14.0,16.0,14.0,1,2.0,2.0,2.0,4.0,2.0,2.0,0.0,2.0,0.0,0.0
433,43,30,UNEQUAL-H,12.0,18.0,12.0,1,2.0,2.0,4.0,4.0,0.0,2.0,2.0,0.0,2.0,0.0
434,43,60,UNEQUAL-H,36.0,24.0,36.0,1,4.0,4.0,4.0,0.0,4.0,2.0,2.0,0.0,0.0,4.0
435,43,60,UNEQUAL-H,30.0,30.0,30.0,1,2.0,4.0,4.0,4.0,4.0,4.0,4.0,2.0,2.0,0.0
440,44,30,UNEQUAL-H,6.0,24.0,6.0,1,2.0,4.0,2.0,2.0,4.0,2.0,2.0,2.0,4.0,0.0
441,44,30,UNEQUAL-H,14.0,16.0,14.0,1,4.0,2.0,0.0,4.0,0.0,2.0,2.0,0.0,2.0,0.0
442,44,30,UNEQUAL-H,2.0,28.0,2.0,1,4.0,4.0,2.0,4.0,2.0,4.0,2.0,2.0,4.0,0.0
443,44,30,UNEQUAL-H,14.0,16.0,14.0,1,2.0,0.0,2.0,4.0,4.0,0.0,4.0,0.0,0.0,0.0
444,44,60,UNEQUAL-H,32.0,28.0,32.0,1,4.0,4.0,2.0,0.0,4.0,2.0,4.0,4.0,4.0,0.0
445,44,60,UNEQUAL-H,34.0,26.0,34.0,1,4.0,0.0,4.0,2.0,4.0,4.0,4.0,4.0,0.0,0.0
450,45,30,UNEQUAL-H,10.0,20.0,10.0,1,2.0,2.0,4.0,4.0,4.0,2.0,0.0,0.0,0.0,2.0
451,45,30,UNEQUAL-H,8.0,22.0,8.0,1,4.0,4.0,2.0,4.0,2.0,2.0,2.0,0.0,2.0,0.0
452,45,30,UNEQUAL-H,14.0,16.0,14.0,1,2.0,2.0,4.0,2.0,2.0,0.0,2.0,0.0,2.0,0.0
453,45,30,UNEQUAL-H,12.0,18.0,12.0,1,2.0,4.0,4.0,4.0,0.0,2.0,2.0,0.0,0.0,0.0
454,45,60,UNEQUAL-H,32.0,28.0,32.0,1,4.0,4.0,4.0,4.0,2.0,4.0,2.0,4.0,0.0,0.0
455,45,60,UNEQUAL-H,28.0,32.0,28.0,1,4.0,4.0,4.0,4.0,4.0,4.0,2.0,2.0,0.0,4.0
460,46,30,UNEQUAL-H,12.0,18.0,12.0,1,2.0,0.0,4.0,4.0,2.0,4.0,0.0,0.0,0.0,2.0
461,46,30,UNEQUAL-H,10.0,20.0,10.0,1,4.0,2.0,4.0,4.0,2.0,2.0,2.0,0.0,0.0,0.0
462,46,30,UNEQUAL-H,4.0,26.0,4.0,1,4.0,4.0,2.0,2.0,4.0,2.0,4.0,2.0,2.0,0.0
463,46,30,UNEQUAL-H,16.0,14.0,16.0,1,4.0,4.0,4.0,2.0,0.0,0.0,0.0,0.0,0.0,0.0
464,46,60,UNEQUAL-H,38.0,22.0,38.0,1,2.0,4.0,2.0,2.0,4.0,4.0,0.0,2.0,2.0,0.0
465,46,60,UNEQUAL-H,32.0,28.0,32.0,1,4.0,4.0,2.0,4.0,4.0,4.0,2.0,4.0,0.0,0.0
470,47,30,UNEQUAL-H,6.0,24.0,6.0,1,4.0,4.0,2.0,4.0,2.0,0.0,2.0,4.0,2.0,0.0
471,47,30,UNEQUAL-H,6.0,24.0,6.0,1,4.0,4.0,0.0,0.0,2.0,2.0,4.0,4.0,4.0,0.0
472,47,30,UNEQUAL-H,6.0,24.0,6.0,1,2.0,4.0,4.0,4.0,2.0,2.0,2.0,2.0,0.0,2.0
473,47,30,UNEQUAL-H,8.0,22.0,8.0,1,4.0,4.0,2.0,4.0,2.0,0.0,4.0,2.0,0.0,0.0
474,47,60,UNEQUAL-H,38.0,22.0,38.0,1,4.0,4.0,4.0,0.0,2.0,4.0,0.0,2.0,2.0,0.0
475,47,60,UNEQUAL-H,32.0,28.0,32.0,1,4.0,2.0,4.0,4.0,2.0,4.0,4.0,4.0,0.0,0.0
480,48,30,UNEQUAL-H,8.0,22.0,8.0,1,4.0,4.0,4.0,4.0,4.0,2.0,0.0,0.0,0.0,0.0
481,48,30,UNEQUAL-H,8.0,22.0,8.0,1,4.0,2.0,4.0,0.0,4.0,2.0,4.0,2.0,0.0,0.0
482,48,30,UNEQUAL-H,10.0,20.0,10.0,1,0.0,4.0,4.0,2.0,2.0,2.0,2.0,4.0,0.0,0.0
483,48,30,UNEQUAL-H,14.0,16.0,14.0,1,0.0,2.0,2.0,2.0,2.0,0.0,2.0,2.0,0.0,4.0
484,48,60,UNEQUAL-H,38.0,22.0,38.0,1,4.0,4.0,2.0,4.0,0.0,4.0,2.0,2.0,0.0,0.0
485,48,60,UNEQUAL-H,34.0,26.0,34.0,1,2.0,0.0,4.0,4.0,4.0,2.0,4.0,4.0,0.0,2.0
490,49,30,UNEQUAL-H,16.0,14.0,16.0,1,2.0,2.0,2.0,0.0,0.0,4.0,0.0,2.0,2.0,0.0
491,49,30,UNEQUAL-H,4.0,26.0,4.0,1,0.0,4.0,4.0,2.0,4.0,0.0,4.0,2.0,4.0,2.0
492,49,30,UNEQUAL-H,16.0,14.0,16.0,1,2.0,0.0,2.0,4.0,0.0,4.0,2.0,0.0,0.0,0.0
493,49,30,UNEQUAL-H,12.0,18.0,12.0,1,2.0,2.0,0.0,4.0,4.0,2.0,4.0,0.0,0.0,0.0
494,49,60,UNEQUAL-H,28.0,32.0,28.0,1,2.0,2.0,4.0,4.0,4.0,4.0,2.0,4.0,4.0,2.0
495,49,60,UNEQUAL-H,36.0,24.0,36.0,1,2.0,4.0,0.0,4.0,4.0,4.0,4.0,0.0,0.0,2.0
500,50,30,UNEQUAL-H,8.0,22.0,8.0,1,2.0,0.0,2.0,4.0,2.0,4.0,2.0,4.0,2.0,0.0
501,50,30,UNEQUAL-H,18.0,12.0,18.0,1,2.0,2.0,2.0,2.0,0.0,0.0,2.0,2.0,0.0,0.0
502,50,30,UNEQUAL-H,14.0,16.0,14.0,1,4.0,0.0,2.0,4.0,0.0,2.0,0.0,4.0,0.0,0.0
503,50,30,UNEQUAL-H,10.0,20.0,10.0,1,4.0,4.0,2.0,2.0,2.0,2.0,2.0,2.0,0.0,0.0
504,50,60,UNEQUAL-H,26.0,34.0,26.0,1,4.0,2.0,4.0,4.0,4.0,4.0,4.0,4.0,2.0,2.0
505,50,60,UNEQUAL-H,32.0,28.0,32.0,1,2.0,4.0,4.0,4.0,4.0,2.0,2.0,4.0,0.0,2.0
510,51,30,UNEQUAL-H,0.0,30.0,0.0,1,4.0,2.0,4.0,4.0,4.0,4.0,4.0,0.0,2.0,2.0
511,51,30,UNEQUAL-H,10.0,20.0,10.0,1,2.0,4.0,0.0,2.0,4.0,2.0,2.0,4.0,0.0,0.0
512,51,30,UNEQUAL-H,10.0,20.0,10.0,1,2.0,2.0,4.0,4.0,0.0,2.0,0.0,2.0,4.0,0.0
513,51,30,UNEQUAL-H,2.0,28.0,2.0,1,2.0,4.0,4.0,4.0,2.0,2.0,2.0,2.0,2.0,4.0
514,51,60,UNEQUAL-H,42.0,18.0,42.0,1,4.0,4.0,0.0,4.0,2.0,2.0,0.0,0.0,2.0,0.0
515,51,60,UNEQUAL-H,38.0,22.0,38.0,1,4.0,2.0,0.0,2.0,4.0,2.0,0.0,0.0,4.0,4.0
520,52,30,UNEQUAL-H,10.0,20.0,10.0,1,2.0,2.0,4.0,2.0,4.0,0.0,2.0,4.0,0.0,0.0
521,52,30,UNEQUAL-H,12.0,18.0,12.0,1,2.0,2.0,2.0,0.0,2.0,2.0,2.0,2.0,4.0,0.0
522,52,30,UNEQUAL-H,8.0,22.0,8.0,1,4.0,2.0,2.0,4.0,2.0,4.0,4.0,0.0,0.0,0.0
523,52,30,UNEQUAL-H,4.0,26.0,4.0,1,2.0,4.0,2.0,4.0,2.0,4.0,4.0,0.0,4.0,0.0
524,52,60,UNEQUAL-H,30.0,30.0,30.0,1,4.0,4.0,2.0,4.0,2.0,2.0,4.0,2.0,2.0,4.0
525,52,60,UNEQUAL-H,36.0,24.0,36.0,1,4.0,2.0,4.0,4.0,2.0,2.0,4.0,0.0,2.0,0.0
530,53,30,UNEQUAL-H,8.0,22.0,8.0,1,2.0,4.0,2.0,4.0,4.0,0.0,4.0,0.0,0.0,2.0
531,53,30,UNEQUAL-H,4.0,26.0,4.0,1,4.0,2.0,2.0,2.0,4.0,4.0,4.0,0.0,4.0,0.0
532,53,30,UNEQUAL-H,16.0,14.0,16.0,1,2.0,2.0,2.0,4.0,0.0,0.0,0.0,0.0,4.0,0.0
533,53,30,UNEQUAL-H,14.0,16.0,14.0,1,2.0,2.0,4.0,0.0,4.0,4.0,0.0,0.0,0.0,0.0
534,53,60,UNEQUAL-H,36.0,24.0,36.0,1,4.0,2.0,0.0,0.0,4.0,4.0,4.0,0.0,4.0,2.0
535,53,60,UNEQUAL-H,28.0,32.0,28.0,1,2.0,2.0,4.0,4.0,2.0,4.0,2.0,4.0,4.0,4.0
540,54,30,UNEQUAL-H,8.0,22.0,8.0,1,4.0,2.0,2.0,2.0,2.0,4.0,0.0,2.0,0.0,4.0
541,54,30,UNEQUAL-H,16.0,14.0,16.0,1,4.0,0.0,0.0,2.0,2.0,4.0,0.0,0.0,0.0,2.0
542,54,30,UNEQUAL-H,14.0,16.0,14.0,1,4.0,4.0,0.0,0.0,0.0,2.0,0.0,2.0,4.0,0.0
543,54,30,UNEQUAL-H,4.0,26.0,4.0,1,4.0,4.0,4.0,4.0,0.0,4.0,2.0,0.0,2.0,2.0
544,54,60,UNEQUAL-H,34.0,26.0,34.0,1,0.0,2.0,4.0,4.0,4.0,2.0,4.0,0.0,4.0,2.0
545,54,60,UNEQUAL-H,38.0,22.0,38.0,1,4.0,4.0,0.0,4.0,4.0,0.0,4.0,0.0,0.0,2.0
550,55,30,UNEQUAL-H,6.0,24.0,6.0,1,2.0,2.0,2.0,2.0,4.0,4.0,4.0,2.0,0.0,2.0
551,55,30,UNEQUAL-H,12.0,18.0,12.0,1,2.0,2.0,0.0,4.0,0.0,0.0,4.0,2.0,2.0,2.0
552,55,30,UNEQUAL-H,10.0,20.0,10.0,1,2.0,2.0,4.0,2.0,2.0,2.0,0.0,4.0,0.0,2.0
553,55,30,UNEQUAL-H,10.0,20.0,10.0,1,2.0,4.0,2.0,2.0,2.0,2.0,4.0,2.0,0.0,0.0
554,55,60,UNEQUAL-H,36.0,24.0,36.0,1,2.0,4.0,4.0,4.0,0.0,2.0,4.0,2.0,0.0,2.0
555,55,60,UNEQUAL-H,38.0,22.0,38.0,1,4.0,4.0,4.0,0.0,0.0,2.0,4.0,2.0,0.0,2.0
560,56,30,UNEQUAL-H,8.0,22.0,8.0,1,4.0,4.0,4.0,0.0,0.0,2.0,4.0,0.0,2.0,2.0
561,56,30,UNEQUAL-H,4.0,26.0,4.0,1,2.0,2.0,4.0,4.0,4.0,4.0,2.0,0.0,0.0,4.0
562,56,30,UNEQUAL-H,12.0,18.0,12.0,1,2.0,0.0,0.0,4.0,0.0,4.0,2.0,0.0,4.0,2.0
563,56,30,UNEQUAL-H,10.0,20.0,10.0,1,2.0,4.0,0.0,4.0,0.0,2.0,4.0,2.0,0.0,2.0
564,56,60,UNEQUAL-H,36.0,24.0,36.0,1,4.0,2.0,0.0,4.0,2.0,4.0,2.0,4.0,0.0,2.0
565,56,60,UNEQUAL-H,42.0,18.0,42.0,1,4.0,2.0,4.0,2.0,0.0,4.0,0.0,0.0,2.0,0.0
570,57,30,UNEQUAL-H,8.0,22.0,8.0,1,2.0,2.0,4.0,2.0,2.0,4.0,4.0,0.0,0.0,2.0
571,57,30,UNEQUAL-H,12.0,18.0,12.0,1,0.0,4.0,2.0,4.0,0.0,4.0,2.0,2.0,0.0,0.0
572,57,30,UNEQUAL-H,10.0,20.0,10.0,1,2.0,4.0,2.0,0.0,4.0,2.0,0.0,4.0,2.0,0.0
573,57,30,UNEQUAL-H,16.0,14.0,16.0,1,2.0,2.0,4.0,4.0,2.0,0.0,0.0,0.0,0.0,0.0
574,57,60,UNEQUAL-H,32.0,28.0,32.0,1,2.0,4.0,4.0,2.0,4.0,4.0,4.0,0.0,4.0,0.0
575,57,60,UNEQUAL-H,28.0,32.0,28.0,1,4.0,4.0,0.0,4.0,2.0,4.0,4.0,4.0,4.0,2.0
580,58,30,UNEQUAL-H,8.0,22.0,8.0,1,2.0,4.0,2.0,4.0,2.0,0.0,4.0,0.0,2.0,2.0
581,58,30,UNEQUAL-H,14.0,16.0,14.0,1,2.0,0.0,2.0,2.0,2.0,0.0,2.0,4.0,2.0,0.0
582,58,30,UNEQUAL-H,6.0,24.0,6.0,1,2.0,4.0,4.0,2.0,2.0,2.0,4.0,2.0,2.0,0.0
583,58,30,UNEQUAL-H,8.0,22.0,8.0,1,2.0,4.0,0.0,4.0,0.0,4.0,4.0,4.0,0.0,0.0
584,58,60,UNEQUAL-H,32.0,28.0,32.0,1,2.0,2.0,4.0,2.0,4.0,2.0,4.0,4.0,0.0,4.0
585,58,60,UNEQUAL-H,38.0,22.0,38.0,1,4.0,4.0,4.0,0.0,2.0,4.0,0.0,0.0,4.0,0.0
590,59,30,UNEQUAL-H,2.0,28.0,2.0,1,2.0,4.0,4.0,2.0,4.0,2.0,4.0,4.0,2.0,0.0
591,59,30,UNEQUAL-H,8.0,22.0,8.0,1,2.0,4.0,4.0,2.0,4.0,0.0,2.0,4.0,0.0,0.0
592,59,30,UNEQUAL-H,10.0,20.0,10.0,1,2.0,4.0,4.0,0.0,4.0,2.0,0.0,2.0,2.0,0.0
593,59,30,UNEQUAL-H,6.0,24.0,6.0,1,2.0,2.0,4.0,4.0,2.0,4.0,4.0,0.0,0.0,2.0
594,59,60,UNEQUAL-H,32.0,28.0,32.0,1,4.0,4.0,4.0,4.0,4.0,4.0,4.0,0.0,0.0,0.0
595,59,60,UNEQUAL-H,38.0,22.0,38.0,1,4.0,4.0,2.0,2.0,2.0,4.0,4.0,0.0,0.0,0.0
600,60,30,UNEQUAL-H,8.0,22.0,8.0,1,0.0,4.0,2.0,4.0,4.0,2.0,2.0,2.0,0.0,2.0
601,60,30,UNEQUAL-H,8.0,22.0,8.0,1,2.0,2.0,2.0,4.0,2.0,4.0,4.0,0.0,2.0,0.0
602,60,30,UNEQUAL-H,12.0,18.0,12.0,1,2.0,2.0,2.0,4.0,4.0,0.0,0.0,2.0,2.0,0.0
603,60,30,UNEQUAL-H,2.0,28.0,2.0,1,4.0,4.0,2.0,2.0,4.0,4.0,2.0,4.0,0.0,2.0
604,60,60,UNEQUAL-H,34.0,26.0,34.0,1,4.0,4.0,4.0,4.0,4.0,4.0,0.0,0.0,2.0,0.0
605,60,60,UNEQUAL-H,30.0,30.0,30.0,1,2.0,4.0,0.0,2.0,4.0,4.0,2.0,4.0,4.0,4.0
610,61,30,UNEQUAL-H,8.0,22.0,8.0,1,2.0,4.0,2.0,2.0,4.0,2.0,2.0,2.0,0.0,2.0
611,61,30,UNEQUAL-H,6.0,24.0,6.0,1,4.0,4.0,4.0,4.0,2.0,2.0,2.0,2.0,0.0,0.0
612,61,30,UNEQUAL-H,20.0,10.0,20.0,1,2.0,2.0,0.0,2.0,0.0,4.0,0.0,0.0,0.0,0.0
613,61,30,UNEQUAL-H,12.0,18.0,12.0,1,0.0,2.0,2.0,4.0,2.0,2.0,0.0,4.0,2.0,0.0
614,61,60,UNEQUAL-H,32.0,28.0,32.0,1,4.0,2.0,2.0,4.0,4.0,4.0,4.0,0.0,0.0,4.0
615,61,60,UNEQUAL-H,30.0,30.0,30.0,1,4.0,4.0,2.0,4.0,4.0,4.0,4.0,4.0,0.0,0.0
620,62,30,UNEQUAL-H,6.0,24.0,6.0,1,2.0,2.0,4.0,4.0,4.0,0.0,4.0,2.0,2.0,0.0
621,62,30,UNEQUAL-H,6.0,24.0,6.0,1,2.0,4.0,2.0,2.0,2.0,2.0,2.0,4.0,4.0,0.0
622,62,30,UNEQUAL-H,12.0,18.0,12.0,1,2.0,0.0,2.0,4.0,2.0,2.0,2.0,2.0,0.0,2.0
623,62,30,UNEQUAL-H,14.0,16.0,14.0,1,2.0,2.0,2.0,2.0,2.0,0.0,0.0,2.0,2.0,2.0
624,62,60,UNEQUAL-H,40.0,20.0,40.0,1,2.0,4.0,0.0,2.0,0.0,0.0,4.0,0.0,4.0,4.0
625,62,60,UNEQUAL-H,38.0,22.0,38.0,1,2.0,4.0,2.0,4.0,4.0,2.0,0.0,0.0,0.0,4.0
630,63,30,UNEQUAL-H,4.0,26.0,4.0,1,4.0,4.0,2.0,4.0,4.0,0.0,4.0,2.0,0.0,2.0
631,63,30,UNEQUAL-H,4.0,26.0,4.0,1,4.0,4.0,4.0,4.0,2.0,4.0,0.0,0.0,4.0,0.0
632,63,30,UNEQUAL-H,10.0,20.0,10.0,1,4.0,2.0,4.0,4.0,4.0,2.0,0.0,0.0,0.0,0.0
633,63,30,UNEQUAL-H,12.0,18.0,12.0,1,4.0,4.0,4.0,2.0,4.0,0.0,0.0,0.0,0.0,0.0
634,63,60,UNEQUAL-H,36.0,24.0,36.0,1,4.0,4.0,2.0,4.0,2.0,4.0,2.0,0.0,0.0,2.0
635,63,60,UNEQUAL-H,34.0,26.0,34.0,1,4.0,4.0,4.0,2.0,2.0,0.0,2.0,4.0,0.0,4.0
640,64,30,UNEQUAL-H,12.0,18.0,12.0,1,4.0,0.0,2.0,4.0,4.0,0.0,2.0,0.0,2.0,0.0
641,64,30,UNEQUAL-H,4.0,26.0,4.0,1,4.0,4.0,4.0,0.0,4.0,2.0,4.0,2.0,2.0,0.0
642,64,30,UNEQUAL-H,6.0,24.0,6.0,1,4.0,4.0,4.0,2.0,4.0,0.0,4.0,2.0,0.0,0.0
643,64,30,UNEQUAL-H,12.0,18.0,12.0,1,4.0,0.0,4.0,0.0,2.0,0.0,2.0,2.0,0.0,4.0
644,64,60,UNEQUAL-H,42.0,18.0,42.0,1,4.0,4.0,0.0,2.0,2.0,2.0,2.0,0.0,0.0,2.0
645,64,60,UNEQUAL-H,32.0,28.0,32.0,1,4.0,4.0,2.0,4.0,0.0,4.0,4.0,4.0,2.0,0.0
650,65,30,UNEQUAL-H,20.0,10.0,20.0,1,2.0,0.0,4.0,2.0,0.0,0.0,0.0,0.0,2.0,0.0
651,65,30,UNEQUAL-H,0.0,30.0,0.0,1,2.0,4.0,4.0,2.0,4.0,2.0,2.0,4.0,2.0,4.0
652,65,30,UNEQUAL-H,8.0,22.0,8.0,1,2.0,2.0,2.0,2.0,2.0,2.0,2.0,2.0,4.0,2.0
653,65,30,UNEQUAL-H,4.0,26.0,4.0,1,2.0,4.0,4.0,2.0,4.0,4.0,0.0,0.0,2.0,4.0
654,65,60,UNEQUAL-H,36.0,24.0,36.0,1,4.0,4.0,4.0,4.0,0.0,2.0,0.0,4.0,2.0,0.0
655,65,60,UNEQUAL-H,34.0,26.0,34.0,1,4.0,4.0,2.0,4.0,4.0,4.0,0.0,0.0,4.0,0.0
660,66,30,UNEQUAL-H,2.0,28.0,2.0,1,4.0,2.0,4.0,4.0,2.0,4.0,4.0,0.0,0.0,4.0
661,66,30,UNEQUAL-H,18.0,12.0,18.0,1,2.0,2.0,2.0,2.0,2.0,2.0,0.0,0.0,0.0,0.0
662,66,30,UNEQUAL-H,10.0,20.0,10.0,1,2.0,2.0,4.0,2.0,2.0,4.0,4.0,0.0,0.0,0.0
663,66,30,UNEQUAL-H,10.0,20.0,10.0,1,4.0,2.0,4.0,4.0,2.0,0.0,2.0,0.0,0.0,2.0
664,66,60,UNEQUAL-H,30.0,30.0,30.0,1,4.0,4.0,4.0,4.0,2.0,4.0,4.0,2.0,2.0,0.0
665,66,60,UNEQUAL-H,38.0,22.0,38.0,1,2.0,4.0,4.0,4.0,2.0,4.0,2.0,0.0,0.0,0.0
670,67,30,UNEQUAL-H,14.0,16.0,0.0,0,4.0,4.0,2.0,0.0,0.0,2.0,2.0,2.0,0.0,0.0
671,67,30,UNEQUAL-H,6.0,24.0,0.0,0,4.0,2.0,2.0,4.0,0.0,2.0,4.0,2.0,2.0,2.0
672,67,30,UNEQUAL-H,18.0,12.0,0.0,0,4.0,2.0,0.0,0.0,0.0,2.0,4.0,0.0,0.0,0.0
673,67,30,UNEQUAL-H,10.0,20.0,0.0,0,2.0,2.0,2.0,2.0,2.0,2.0,4.0,0.0,4.0,0.0
674,67,60,UNEQUAL-H,40.0,20.0,0.0,0,4.0,2.0,0.0,2.0,4.0,0.0,2.0,2.0,0.0,4.0
675,67,60,UNEQUAL-H,42.0,18.0,0.0,0,4.0,4.0,4.0,0.0,0.0,2.0,0.0,2.0,2.0,0.0
680,68,30,UNEQUAL-H,6.0,24.0,6.0,1,2.0,2.0,4.0,4.0,2.0,4.0,0.0,2.0,2.0,2.0
681,68,30,UNEQUAL-H,10.0,20.0,10.0,1,4.0,0.0,4.0,2.0,2.0,0.0,0.0,4.0,4.0,0.0
682,68,30,UNEQUAL-H,2.0,28.0,2.0,1,0.0,4.0,4.0,2.0,4.0,4.0,2.0,4.0,2.0,2.0
683,68,30,UNEQUAL-H,6.0,24.0,6.0,1,2.0,2.0,4.0,4.0,2.0,2.0,4.0,0.0,0.0,4.0
684,68,60,UNEQUAL-H,30.0,30.0,30.0,1,4.0,2.0,4.0,4.0,4.0,2.0,4.0,4.0,2.0,0.0
685,68,60,UNEQUAL-H,40.0,20.0,40.0,1,2.0,2.0,4.0,2.0,4.0,2.0,2.0,2.0,0.0,0.0
690,69,30,UNEQUAL-H,12.0,18.0,12.0,1,2.0,4.0,2.0,0.0,2.0,2.0,4.0,2.0,0.0,0.0
691,69,30,UNEQUAL-H,8.0,22.0,8.0,1,2.0,2.0,4.0,0.0,2.0,2.0,4.0,2.0,4.0,0.0
692,69,30,UNEQUAL-H,8.0,22.0,8.0,1,2.0,2.0,4.0,4.0,4.0,2.0,2.0,0.0,2.0,0.0
693,69,30,UNEQUAL-H,2.0,28.0,2.0,1,0.0,2.0,4.0,4.0,4.0,4.0,2.0,2.0,4.0,2.0
694,69,60,UNEQUAL-H,32.0,28.0,32.0,1,4.0,2.0,4.0,2.0,4.0,0.0,4.0,4.0,0.0,4.0
695,69,60,UNEQUAL-H,32.0,28.0,32.0,1,4.0,4.0,0.0,2.0,2.0,4.0,4.0,2.0,4.0,2.0
700,70,30,UNEQUAL-H,10.0,20.0,10.0,1,2.0,4.0,2.0,2.0,0.0,2.0,2.0,0.0,4.0,2.0
701,70,30,UNEQUAL-H,6.0,24.0,6.0,1,2.0,4.0,2.0,2.0,4.0,4.0,2.0,2.0,2.0,0.0
702,70,30,UNEQUAL-H,12.0,18.0,12.0,1,2.0,4.0,2.0,4.0,0.0,2.0,2.0,2.0,0.0,0.0
703,70,30,UNEQUAL-H,12.0,18.0,12.0,1,2.0,2.0,0.0,2.0,2.0,2.0,4.0,2.0,2.0,0.0
704,70,60,UNEQUAL-H,34.0,26.0,34.0,1,0.0,4.0,4.0,4.0,2.0,2.0,4.0,4.0,2.0,0.0
705,70,60,UNEQUAL-H,32.0,28.0,32.0,1,4.0,0.0,4.0,4.0,4.0,0.0,4.0,4.0,4.0,0.0
710,71,30,UNEQUAL-H,14.0,16.0,14.0,1,4.0,4.0,4.0,0.0,0.0,0.0,0.0,2.0,2.0,0.0
711,71,30,UNEQUAL-H,6.0,24.0,6.0,1,2.0,2.0,4.0,4.0,4.0,2.0,2.0,0.0,2.0,2.0
712,71,30,UNEQUAL-H,12.0,18.0,12.0,1,4.0,2.0,4.0,2.0,0.0,0.0,2.0,0.0,4.0,0.0
713,71,30,UNEQUAL-H,10.0,20.0,10.0,1,2.0,2.0,2.0,2.0,4.0,0.0,4.0,2.0,2.0,0.0
714,71,60,UNEQUAL-H,34.0,26.0,34.0,1,4.0,4.0,0.0,2.0,4.0,4.0,0.0,4.0,2.0,2.0
715,71,60,UNEQUAL-H,32.0,28.0,32.0,1,2.0,2.0,4.0,4.0,2.0,4.0,4.0,2.0,4.0,0.0
720,72,30,UNEQUAL-H,12.0,18.0,12.0,1,2.0,2.0,4.0,4.0,0.0,2.0,0.0,2.0,2.0,0.0
721,72,30,UNEQUAL-H,2.0,28.0,2.0,1,2.0,4.0,4.0,4.0,2.0,2.0,4.0,4.0,2.0,0.0
722,72,30,UNEQUAL-H,12.0,18.0,12.0,1,2.0,2.0,2.0,2.0,4.0,0.0,2.0,2.0,2.0,0.0
723,72,30,UNEQUAL-H,0.0,30.0,0.0,1,4.0,4.0,2.0,4.0,2.0,4.0,0.0,2.0,4.0,4.0
724,72,60,UNEQUAL-H,32.0,28.0,32.0,1,2.0,4.0,4.0,4.0,4.0,2.0,0.0,4.0,2.0,2.0
725,72,60,UNEQUAL-H,46.0,14.0,46.0,1,0.0,2.0,4.0,2.0,0.0,4.0,0.0,2.0,0.0,0.0
730,73,30,UNEQUAL-H,12.0,18.0,12.0,1,4.0,4.0,0.0,4.0,0.0,0.0,4.0,0.0,2.0,0.0
731,73,30,UNEQUAL-H,14.0,16.0,14.0,1,2.0,4.0,2.0,0.0,0.0,2.0,2.0,4.0,0.0,0.0
732,73,30,UNEQUAL-H,8.0,22.0,8.0,1,4.0,2.0,4.0,4.0,0.0,2.0,4.0,2.0,0.0,0.0
733,73,30,UNEQUAL-H,16.0,14.0,16.0,1,0.0,4.0,0.0,0.0,2.0,4.0,0.0,4.0,0.0,0.0
734,73,60,UNEQUAL-H,30.0,30.0,30.0,1,4.0,4.0,4.0,4.0,4.0,4.0,0.0,2.0,4.0,0.0
735,73,60,UNEQUAL-H,30.0,30.0,30.0,1,4.0,4.0,4.0,4.0,2.0,4.0,4.0,2.0,2.0,0.0
740,74,30,UNEQUAL-H,10.0,20.0,10.0,1,2.0,2.0,2.0,4.0,2.0,4.0,2.0,0.0,2.0,0.0
741,74,30,UNEQUAL-H,14.0,16.0,14.0,1,2.0,4.0,4.0,2.0,0.0,0.0,4.0,0.0,0.0,0.0
742,74,30,UNEQUAL-H,12.0,18.0,12.0,1,2.0,0.0,4.0,4.0,4.0,2.0,0.0,2.0,0.0,0.0
743,74,30,UNEQUAL-H,10.0,20.0,10.0,1,2.0,4.0,2.0,4.0,0.0,2.0,2.0,2.0,2.0,0.0
744,74,60,UNEQUAL-H,44.0,16.0,44.0,1,2.0,2.0,0.0,4.0,4.0,4.0,0.0,0.0,0.0,0.0
745,74,60,UNEQUAL-H,30.0,30.0,30.0,1,4.0,2.0,4.0,2.0,4.0,4.0,4.0,0.0,4.0,2.0
750,75,30,UNEQUAL-H,10.0,20.0,10.0,1,4.0,2.0,4.0,0.0,2.0,2.0,2.0,0.0,4.0,0.0
751,75,30,UNEQUAL-H,10.0,20.0,10.0,1,4.0,2.0,0.0,4.0,0.0,2.0,4.0,2.0,0.0,2.0
752,75,30,UNEQUAL-H,10.0,20.0,10.0,1,2.0,2.0,2.0,4.0,2.0,4.0,2.0,2.0,0.0,0.0
753,75,30,UNEQUAL-H,14.0,16.0,14.0,1,2.0,0.0,2.0,4.0,0.0,0.0,4.0,2.0,2.0,0.0
754,75,60,UNEQUAL-H,38.0,22.0,38.0,1,4.0,2.0,4.0,4.0,4.0,2.0,2.0,0.0,0.0,0.0
755,75,60,UNEQUAL-H,26.0,34.0,26.0,1,4.0,4.0,4.0,4.0,4.0,2.0,4.0,4.0,4.0,0.0
760,76,30,UNEQUAL-H,10.0,20.0,10.0,1,4.0,4.0,2.0,2.0,2.0,2.0,2.0,2.0,0.0,0.0
761,76,30,UNEQUAL-H,8.0,22.0,8.0,1,4.0,4.0,0.0,2.0,2.0,4.0,0.0,2.0,0.0,4.0
762,76,30,UNEQUAL-H,12.0,18.0,12.0,1,2.0,4.0,2.0,2.0,2.0,4.0,2.0,0.0,0.0,0.0
763,76,30,UNEQUAL-H,4.0,26.0,4.0,1,2.0,0.0,2.0,4.0,4.0,4.0,2.0,2.0,4.0,2.0
764,76,60,UNEQUAL-H,38.0,22.0,38.0,1,2.0,4.0,2.0,2.0,2.0,4.0,2.0,4.0,0.0,0.0
765,76,60,UNEQUAL-H,38.0,22.0,38.0,1,4.0,4.0,4.0,2.0,0.0,4.0,4.0,0.0,0.0,0.0
770,77,30,UNEQUAL-H,8.0,22.0,8.0,1,4.0,4.0,4.0,2.0,0.0,4.0,4.0,0.0,0.0,0.0
771,77,30,UNEQUAL-H,14.0,16.0,14.0,1,0.0,0.0,2.0,2.0,4.0,4.0,2.0,0.0,0.0,2.0
772,77,30,UNEQUAL-H,0.0,30.0,0.0,1,4.0,4.0,4.0,4.0,0.0,4.0,4.0,4.0,2.0,0.0
773,77,30,UNEQUAL-H,10.0,20.0,10.0,1,2.0,4.0,4.0,0.0,2.0,2.0,0.0,2.0,4.0,0.0
774,77,60,UNEQUAL-H,44.0,16.0,44.0,1,4.0,2.0,0.0,2.0,0.0,4.0,2.0,0.0,2.0,0.0
775,77,60,UNEQUAL-H,26.0,34.0,26.0,1,4.0,2.0,4.0,4.0,4.0,4.0,4.0,2.0,2.0,4.0
